EmployeeID,Name,Age,DepartmentID,Salary
1001,Employee_1,50,201,71576
1002,Employee_2,36,203,64353
1003,Employee_3,29,201,42675
1004,Employee_4,42,203,77733
1005,Employee_5,40,202,69417
1006,Employee_6,44,203,48938
1007,Employee_7,32,201,48664
1008,Employee_8,32,201,26636
1009,Employee_9,45,202,45080
1010,Employee_10,57,203,52728
1011,Employee_11,45,203,74850
1012,Employee_12,24,202,51736
1013,Employee_13,43,203,53673
1014,Employee_14,23,203,62505
1015,Employee_15,45,201,72323
1016,Employee_16,51,203,71645
1017,Employee_17,59,203,25854
1018,Employee_18,23,202,49548
1019,Employee_19,42,202,63623
1020,Employee_20,54,204,32392
1021,Employee_21,33,201,71717
1022,Employee_22,43,203,79401
1023,Employee_23,46,203,46556
1024,Employee_24,48,204,75859
1025,Employee_25,49,203,63559
1026,Employee_26,37,201,51309
1027,Employee_27,36,204,46919
1028,Employee_28,24,201,29931
1029,Employee_29,58,204,77662
1030,Employee_30,28,204,57970
1031,Employee_31,42,202,69215
1032,Employee_32,30,201,78370
1033,Employee_33,39,203,37688
1034,Employee_34,25,203,50342
1035,Employee_35,46,201,62157
1036,Employee_36,35,203,27327
1037,Employee_37,30,203,65772
1038,Employee_38,47,201,77083
1039,Employee_39,23,204,65545
1040,Employee_40,41,201,25197
1041,Employee_41,49,204,48509
1042,Employee_42,28,203,59698
1043,Employee_43,29,203,69542
1044,Employee_44,56,203,40087
1045,Employee_45,35,202,47671
1046,Employee_46,38,204,50184
1047,Employee_47,57,202,52848
1048,Employee_48,25,202,67107
1049,Employee_49,23,201,45666
1050,Employee_50,27,202,69357
1051,Employee_51,25,201,76663
1052,Employee_52,50,201,40708
1053,Employee_53,39,202,51370
1054,Employee_54,47,204,74811
1055,Employee_55,55,204,27811
1056,Employee_56,31,204,72011
1057,Employee_57,57,204,31546
1058,Employee_58,35,204,59754
1059,Employee_59,52,202,55206
1060,Employee_60,36,202,66106
1061,Employee_61,29,203,36411
1062,Employee_62,35,204,27911
1063,Employee_63,44,202,26734
1064,Employee_64,42,203,43227
1065,Employee_65,37,204,33680
1066,Employee_66,39,201,44360
1067,Employee_67,45,203,43343
1068,Employee_68,47,202,30759
1069,Employee_69,46,201,48078
1070,Employee_70,50,201,60153
1071,Employee_71,36,201,36111
1072,Employee_72,22,203,62504
1073,Employee_73,46,202,26802
1074,Employee_74,28,201,33155
1075,Employee_75,30,204,33120
1076,Employee_76,45,201,64384
1077,Employee_77,22,201,72025
1078,Employee_78,29,203,72254
1079,Employee_79,45,203,46918
1080,Employee_80,32,202,45445
1081,Employee_81,38,204,55306
1082,Employee_82,29,203,41646
1083,Employee_83,56,201,71843
1084,Employee_84,56,202,56065
1085,Employee_85,54,201,50199
1086,Employee_86,26,201,66976
1087,Employee_87,49,203,41371
1088,Employee_88,28,202,36835
1089,Employee_89,30,204,70936
1090,Employee_90,29,204,27049
1091,Employee_91,33,203,56616
1092,Employee_92,55,203,63191
1093,Employee_93,54,202,72357
1094,Employee_94,44,204,45932
1095,Employee_95,45,204,77260
1096,Employee_96,58,204,54855
1097,Employee_97,56,201,32158
1098,Employee_98,43,204,68016
1099,Employee_99,48,201,32400
1100,Employee_100,56,202,77322
